alter table public.characters
  add column if not exists is_bot boolean not null default false;

create index if not exists characters_is_bot_idx on public.characters (is_bot);

insert into auth.users (
  id,
  instance_id,
  aud,
  role,
  email,
  encrypted_password,
  email_confirmed_at,
  raw_app_meta_data,
  raw_user_meta_data,
  created_at,
  updated_at,
  confirmation_token,
  email_change,
  email_change_token_new,
  recovery_token
)
values (
  'a1000000-0000-4000-8000-000000000001',
  '00000000-0000-0000-0000-000000000000',
  'authenticated',
  'authenticated',
  'bots@emojitsu.local',
  crypt('bot-pool-not-used', gen_salt('bf')),
  now(),
  '{"provider":"email","providers":["email"]}',
  '{"is_bot_pool": true}',
  now(),
  now(),
  '',
  '',
  '',
  ''
)
on conflict (id) do nothing;

insert into public.characters (
  id,
  user_id,
  emoji,
  name,
  level,
  xp,
  base_hp,
  base_attack,
  base_defense,
  base_speed,
  base_crit_chance,
  power,
  is_bot
)
values
  ('b1000001-0000-4000-8000-000000000001', 'a1000000-0000-4000-8000-000000000001', '🐣', 'Kueken', 1, 0, 96, 11, 4, 8, 0.03, 238, true),
  ('b1000002-0000-4000-8000-000000000002', 'a1000000-0000-4000-8000-000000000001', '🐸', 'Hopser', 2, 25, 102, 12, 5, 9, 0.04, 302, true),
  ('b1000003-0000-4000-8000-000000000003', 'a1000000-0000-4000-8000-000000000001', '🦊', 'Flink', 3, 60, 108, 14, 6, 10, 0.05, 382, true),
  ('b1000004-0000-4000-8000-000000000004', 'a1000000-0000-4000-8000-000000000001', '🤖', 'Bolt', 4, 110, 114, 15, 7, 11, 0.05, 420, true),
  ('b1000005-0000-4000-8000-000000000005', 'a1000000-0000-4000-8000-000000000001', '👻', 'Spuki', 5, 170, 120, 16, 8, 11, 0.06, 464, true),
  ('b1000006-0000-4000-8000-000000000006', 'a1000000-0000-4000-8000-000000000001', '🦁', 'Loewi', 6, 240, 128, 17, 9, 12, 0.06, 504, true),
  ('b1000007-0000-4000-8000-000000000007', 'a1000000-0000-4000-8000-000000000001', '🐲', 'Drako', 7, 320, 136, 18, 10, 12, 0.07, 545, true),
  ('b1000008-0000-4000-8000-000000000008', 'a1000000-0000-4000-8000-000000000001', '🦄', 'Luna', 8, 410, 144, 19, 10, 13, 0.08, 571, true),
  ('b1000009-0000-4000-8000-000000000009', 'a1000000-0000-4000-8000-000000000001', '🔥', 'Inferno', 9, 510, 152, 21, 11, 14, 0.08, 636, true),
  ('b100000a-0000-4000-8000-00000000000a', 'a1000000-0000-4000-8000-000000000001', '👑', 'Champion', 10, 620, 160, 22, 12, 15, 0.10, 684, true)
on conflict (id) do nothing;

insert into public.player_cards (id, user_id, card_id)
values
  ('c1000001-0000-4000-8000-000000000001', 'a1000000-0000-4000-8000-000000000001', 'ember-punch'),
  ('c1000002-0000-4000-8000-000000000001', 'a1000000-0000-4000-8000-000000000001', 'ember-punch'),
  ('c1000002-0000-4000-8000-000000000002', 'a1000000-0000-4000-8000-000000000001', 'tiny-shield'),
  ('c1000003-0000-4000-8000-000000000001', 'a1000000-0000-4000-8000-000000000001', 'ember-punch'),
  ('c1000003-0000-4000-8000-000000000002', 'a1000000-0000-4000-8000-000000000001', 'tiny-shield'),
  ('c1000003-0000-4000-8000-000000000003', 'a1000000-0000-4000-8000-000000000001', 'green-heart'),
  ('c1000004-0000-4000-8000-000000000001', 'a1000000-0000-4000-8000-000000000001', 'ember-punch'),
  ('c1000004-0000-4000-8000-000000000002', 'a1000000-0000-4000-8000-000000000001', 'swift-sneaker'),
  ('c1000004-0000-4000-8000-000000000003', 'a1000000-0000-4000-8000-000000000001', 'lucky-star'),
  ('c1000005-0000-4000-8000-000000000001', 'a1000000-0000-4000-8000-000000000001', 'tiny-shield'),
  ('c1000005-0000-4000-8000-000000000002', 'a1000000-0000-4000-8000-000000000001', 'green-heart'),
  ('c1000005-0000-4000-8000-000000000003', 'a1000000-0000-4000-8000-000000000001', 'lucky-star'),
  ('c1000006-0000-4000-8000-000000000001', 'a1000000-0000-4000-8000-000000000001', 'green-heart'),
  ('c1000006-0000-4000-8000-000000000002', 'a1000000-0000-4000-8000-000000000001', 'swift-sneaker'),
  ('c1000006-0000-4000-8000-000000000003', 'a1000000-0000-4000-8000-000000000001', 'lucky-star'),
  ('c1000007-0000-4000-8000-000000000001', 'a1000000-0000-4000-8000-000000000001', 'ember-punch'),
  ('c1000007-0000-4000-8000-000000000002', 'a1000000-0000-4000-8000-000000000001', 'lucky-star'),
  ('c1000007-0000-4000-8000-000000000003', 'a1000000-0000-4000-8000-000000000001', 'opening-boom'),
  ('c1000008-0000-4000-8000-000000000001', 'a1000000-0000-4000-8000-000000000001', 'swift-sneaker'),
  ('c1000008-0000-4000-8000-000000000002', 'a1000000-0000-4000-8000-000000000001', 'lucky-star'),
  ('c1000008-0000-4000-8000-000000000003', 'a1000000-0000-4000-8000-000000000001', 'opening-boom'),
  ('c1000009-0000-4000-8000-000000000001', 'a1000000-0000-4000-8000-000000000001', 'ember-punch'),
  ('c1000009-0000-4000-8000-000000000002', 'a1000000-0000-4000-8000-000000000001', 'opening-boom'),
  ('c1000009-0000-4000-8000-000000000003', 'a1000000-0000-4000-8000-000000000001', 'lucky-star'),
  ('c100000a-0000-4000-8000-000000000001', 'a1000000-0000-4000-8000-000000000001', 'lucky-star'),
  ('c100000a-0000-4000-8000-000000000002', 'a1000000-0000-4000-8000-000000000001', 'opening-boom'),
  ('c100000a-0000-4000-8000-000000000003', 'a1000000-0000-4000-8000-000000000001', 'panic-snack')
on conflict (id) do nothing;

insert into public.deck_slots (character_id, player_card_id, slot_index)
values
  ('b1000001-0000-4000-8000-000000000001', 'c1000001-0000-4000-8000-000000000001', 0),
  ('b1000002-0000-4000-8000-000000000002', 'c1000002-0000-4000-8000-000000000001', 0),
  ('b1000002-0000-4000-8000-000000000002', 'c1000002-0000-4000-8000-000000000002', 1),
  ('b1000003-0000-4000-8000-000000000003', 'c1000003-0000-4000-8000-000000000001', 0),
  ('b1000003-0000-4000-8000-000000000003', 'c1000003-0000-4000-8000-000000000002', 1),
  ('b1000003-0000-4000-8000-000000000003', 'c1000003-0000-4000-8000-000000000003', 2),
  ('b1000004-0000-4000-8000-000000000004', 'c1000004-0000-4000-8000-000000000001', 0),
  ('b1000004-0000-4000-8000-000000000004', 'c1000004-0000-4000-8000-000000000002', 1),
  ('b1000004-0000-4000-8000-000000000004', 'c1000004-0000-4000-8000-000000000003', 2),
  ('b1000005-0000-4000-8000-000000000005', 'c1000005-0000-4000-8000-000000000001', 0),
  ('b1000005-0000-4000-8000-000000000005', 'c1000005-0000-4000-8000-000000000002', 1),
  ('b1000005-0000-4000-8000-000000000005', 'c1000005-0000-4000-8000-000000000003', 2),
  ('b1000006-0000-4000-8000-000000000006', 'c1000006-0000-4000-8000-000000000001', 0),
  ('b1000006-0000-4000-8000-000000000006', 'c1000006-0000-4000-8000-000000000002', 1),
  ('b1000006-0000-4000-8000-000000000006', 'c1000006-0000-4000-8000-000000000003', 2),
  ('b1000007-0000-4000-8000-000000000007', 'c1000007-0000-4000-8000-000000000001', 0),
  ('b1000007-0000-4000-8000-000000000007', 'c1000007-0000-4000-8000-000000000002', 1),
  ('b1000007-0000-4000-8000-000000000007', 'c1000007-0000-4000-8000-000000000003', 2),
  ('b1000008-0000-4000-8000-000000000008', 'c1000008-0000-4000-8000-000000000001', 0),
  ('b1000008-0000-4000-8000-000000000008', 'c1000008-0000-4000-8000-000000000002', 1),
  ('b1000008-0000-4000-8000-000000000008', 'c1000008-0000-4000-8000-000000000003', 2),
  ('b1000009-0000-4000-8000-000000000009', 'c1000009-0000-4000-8000-000000000001', 0),
  ('b1000009-0000-4000-8000-000000000009', 'c1000009-0000-4000-8000-000000000002', 1),
  ('b1000009-0000-4000-8000-000000000009', 'c1000009-0000-4000-8000-000000000003', 2),
  ('b100000a-0000-4000-8000-00000000000a', 'c100000a-0000-4000-8000-000000000001', 0),
  ('b100000a-0000-4000-8000-00000000000a', 'c100000a-0000-4000-8000-000000000002', 1),
  ('b100000a-0000-4000-8000-00000000000a', 'c100000a-0000-4000-8000-000000000003', 2)
on conflict (character_id, slot_index) do nothing;
